neue-7e8eb4dd.html,idea
neue-9a057188.html,idea
neue-AltInsertInEditor.html,idea
neue-AnnotationsAndDiffs.html,idea
neue-Antivirus.html,idea
neue-Antivirus2.html,idea
neue-BreakpointSpeedmenu.html,idea
neue-BreakpointSpeedmenu2.html,idea
neue-CamelHumpsInCodeCompletion.html,idea
neue-CamelPrefixesInNavigationPopups.html,idea
neue-CancelByControlArrows.html,idea
neue-ChangeSignatureAfterMovingParameters.html,idea
neue-ChangeSorting.html,idea
neue-CheckRegExp.html,idea
neue-ClipboardStack.html,idea
neue-CloseOthers.html,idea
neue-Close_all_editor_tabs.html,idea
neue-CodeCompletion.html,idea
neue-CodeCompletionInSearch.html,idea
neue-CodeCompletionMiddle.html,idea
neue-ColorEditingInCss.html,idea
neue-ColumnSelection.html,idea
neue-CommentCode.html,idea
neue-CommitCtrlK.html,idea
neue-Compare.html,idea
neue-Compare2.html,idea
neue-CompleteStatement.html,idea
neue-CompleteStatement2.html,idea
neue-CompletionImportStatic.html,idea
neue-ConfiguringTerminal.html,idea
neue-ContextActions.html,idea
neue-CopyClass.html,idea
neue-CopyPasteReference.html,idea
neue-CopyWithNoSelection.html,idea
neue-Copyright.html,idea
neue-CreatePropertyTag.html,idea
neue-CtrlD.html,idea
neue-CtrlDotInLookups.html,idea
neue-CtrlShiftI.html,idea
neue-CtrlShiftIForLookup.html,idea
neue-CtrlW.html,idea
neue-DeleteLine.html,idea
neue-DiagramShow.html,idea
neue-DiagramShowDiff.html,idea
neue-DiagramShowPopup.html,idea
neue-DiffChevron.html,idea
neue-DirDiff.html,idea
neue-DotEtcInLookups.html,idea
neue-DragToOpen.html,idea
neue-EditRegExp.html,idea
neue-EditorConfig.html,idea
neue-Emmet.html,idea
neue-EnterDirectoryInGotoFile.html,idea
neue-Escape.html,idea
neue-EvaluateExpressionInEditor.html,idea
neue-ExcludeFromProject.html,idea
neue-ExternalJavaDoc.html,idea
neue-FavoritesToolWindow1.html,idea
neue-FavoritesToolWindow2.html,idea
neue-FileStructurePopup.html,idea
neue-FileStructurePopup2.html,idea
neue-FindInPath.html,idea
neue-FindReplaceToggle.html,idea
neue-FinishByExclamation.html,idea
neue-FinishBySmartEnter.html,idea
neue-FinishBySmartEnter2.html,idea
neue-FixDocComment.html,idea
neue-FocusProjectToolWindow.html,idea
neue-GoToAction.html,idea
neue-GoToClass.html,idea
neue-GoToDeclaration.html,idea
neue-GoToFile.html,idea
neue-GoToImplementation.html,idea
neue-GoToInspection.html,idea
neue-GoToSymbol.html,idea
neue-GotoLineInFile.html,idea
neue-HierarchyBrowser.html,idea
neue-HighlightImplements.html,idea
neue-HighlightMethodExitPoint.html,idea
neue-HighlightThrows.html,idea
neue-HighlightUsagesInFile.html,idea
neue-HorizontalScrolling.html,idea
neue-ImagesLookup.html,idea
neue-InsertLiveTemplate.html,idea
neue-InspectCode.html,idea
neue-IntroduceVariable.html,idea
neue-IntroduceVariable2.html,idea
neue-IntroduceVariableIncompleteCode.html,idea
neue-JarDiff.html,idea
neue-JoinLines.html,idea
neue-JupyterAddCell.html,idea
neue-JupyterExecuteCurrentSelectNext.html,idea
neue-JupyterShortcuts.html,idea
neue-LayoutCode.html,idea
neue-LensMode.html,idea
neue-LineEndings.html,idea
neue-LineEndingsFolder.html,idea
neue-LiveTemplates.html,idea
neue-MoveInnerToUpper.html,idea
neue-MoveUpDown.html,idea
neue-Multicursor.html,idea
neue-Multiselection1.html,idea
neue-Multiselection2.html,idea
neue-MultiselectionWords.html,idea
neue-NavigateBetweenErros.html,idea
neue-NextPrevError.html,idea
neue-OverrideImplementMethods.html,idea
neue-PostfixCompletion.html,idea
neue-PrintKeywords.html,idea
neue-Quest.html,idea
neue-QuickJavaDoc.html,idea
neue-QuickJavaDocInLookups.html,idea
neue-QuickSwitchScheme.html,idea
neue-RecentChanges.html,idea
neue-RecentFiles.html,idea
neue-RecentSearch.html,idea
neue-RefactorThis.html,idea
neue-RemoveBreakpoint.html,idea
neue-Rename.html,idea
neue-RichTextCopy.html,idea
neue-Scratch.html,idea
neue-SearchEverywhere.html,idea
neue-SecondBasicClassNameCompletion.html,idea
neue-SecondSmartCompletionArrayMember.html,idea
neue-SecondSmartCompletionAsList.html,idea
neue-SecondSmartCompletionChain.html,idea
neue-SecondSmartCompletionToar.html,idea
neue-SelectIn.html,idea
neue-SelectionInLoGView.html,idea
neue-ShowUsages.html,idea
neue-SmartTypeAfterNew.html,idea
neue-SmartTypeCasting.html,idea
neue-SmartTypeCompletion.html,idea
neue-SpeedSearch.html,idea
neue-SpellcheckerDictionaries.html,idea
neue-SpringCreateBeanFromUsage.html,idea
neue-SpringGotoRelated.html,idea
neue-SpringGotoSymbol.html,idea
neue-SpringInject.html,idea
neue-SpringOpenBean.html,idea
neue-SurroundWith.html,idea
neue-SurroundWith2.html,idea
neue-Switcher.html,idea
neue-TabInLookups.html,idea
neue-UmlClassDiagram.html,idea
neue-VariableNameCompletion.html,idea
neue-Welcome.html,idea
neue-WideScreen.html,idea
neue-WildcardsInNavigationPopups.html,idea
neue-YouTrack_integration.html,idea
neue-ad92a80e.html,idea
neue-e1c06cab.html,idea
neue-find_action.html,idea
neue-find_usages.html,idea
neue-jump_to_colors_fonts.html,idea
neue-local_history.html,idea
neue-partial_git_commit.html,idea
neue-pull_requests.html,idea
neue-recent locations.html,idea
neue-run_anything.html,idea
neue-smart_selection.html,idea
neue-structural_search.html,idea
neue-34a30ff4.html,intellij-idea
neue-4bb988f2.html,intellij-idea
neue-AltInsertInEditor.html,intellij-idea
neue-AnnotationsAndDiffs.html,intellij-idea
neue-Antivirus.html,intellij-idea
neue-Antivirus2.html,intellij-idea
neue-BreakpointIntentions.html,intellij-idea
neue-BreakpointSpeedmenu.html,intellij-idea
neue-BreakpointSpeedmenu2.html,intellij-idea
neue-CamelHumpsInCodeCompletion.html,intellij-idea
neue-CamelPrefixesInNavigationPopups.html,intellij-idea
neue-CancelByControlArrows.html,intellij-idea
neue-ChangeSignatureAfterMovingParameters.html,intellij-idea
neue-ChangeSorting.html,intellij-idea
neue-CheckRegExp.html,intellij-idea
neue-ClipboardStack.html,intellij-idea
neue-CloseOthers.html,intellij-idea
neue-Close_all_editor_tabs.html,intellij-idea
neue-CodeCompletion.html,intellij-idea
neue-CodeCompletionInSearch.html,intellij-idea
neue-CodeCompletionMiddle.html,intellij-idea
neue-ColorEditingInCss.html,intellij-idea
neue-ColumnSelection.html,intellij-idea
neue-CommentCode.html,intellij-idea
neue-CommitCtrlK.html,intellij-idea
neue-Compare.html,intellij-idea
neue-Compare2.html,intellij-idea
neue-CompleteStatement.html,intellij-idea
neue-CompleteStatement2.html,intellij-idea
neue-CompletionImportStatic.html,intellij-idea
neue-ConfiguringTerminal.html,intellij-idea
neue-ContextActions.html,intellij-idea
neue-CopyClass.html,intellij-idea
neue-CopyPasteReference.html,intellij-idea
neue-CopyWithNoSelection.html,intellij-idea
neue-Copyright.html,intellij-idea
neue-CreatePropertyTag.html,intellij-idea
neue-CtrlD.html,intellij-idea
neue-CtrlDotInLookups.html,intellij-idea
neue-CtrlShiftI.html,intellij-idea
neue-CtrlShiftIForLookup.html,intellij-idea
neue-CtrlW.html,intellij-idea
neue-DeleteLine.html,intellij-idea
neue-DiagramShow.html,intellij-idea
neue-DiagramShowDiff.html,intellij-idea
neue-DiagramShowPopup.html,intellij-idea
neue-DiffChevron.html,intellij-idea
neue-DirDiff.html,intellij-idea
neue-DotEtcInLookups.html,intellij-idea
neue-DragToOpen.html,intellij-idea
neue-EditRegExp.html,intellij-idea
neue-EditorConfig.html,intellij-idea
neue-Emmet.html,intellij-idea
neue-EnterDirectoryInGotoFile.html,intellij-idea
neue-Escape.html,intellij-idea
neue-EvaluateExpressionInEditor.html,intellij-idea
neue-ExcludeFromProject.html,intellij-idea
neue-ExternalJavaDoc.html,intellij-idea
neue-FavoritesToolWindow1.html,intellij-idea
neue-FavoritesToolWindow2.html,intellij-idea
neue-FileStructurePopup.html,intellij-idea
neue-FileStructurePopup2.html,intellij-idea
neue-FindInPath.html,intellij-idea
neue-FindReplaceToggle.html,intellij-idea
neue-FinishByExclamation.html,intellij-idea
neue-FinishBySmartEnter.html,intellij-idea
neue-FinishBySmartEnter2.html,intellij-idea
neue-FixDocComment.html,intellij-idea
neue-FocusProjectToolWindow.html,intellij-idea
neue-GoToAction.html,intellij-idea
neue-GoToClass.html,intellij-idea
neue-GoToDeclaration.html,intellij-idea
neue-GoToFile.html,intellij-idea
neue-GoToImplementation.html,intellij-idea
neue-GoToInspection.html,intellij-idea
neue-GoToSymbol.html,intellij-idea
neue-GotoLineInFile.html,intellij-idea
neue-HideWidgets.html,intellij-idea
neue-HierarchyBrowser.html,intellij-idea
neue-HighlightImplements.html,intellij-idea
neue-HighlightMethodExitPoint.html,intellij-idea
neue-HighlightThrows.html,intellij-idea
neue-HighlightUsagesInFile.html,intellij-idea
neue-HorizontalScrolling.html,intellij-idea
neue-ImagesLookup.html,intellij-idea
neue-InsertLiveTemplate.html,intellij-idea
neue-InspectCode.html,intellij-idea
neue-IntroduceVariable.html,intellij-idea
neue-IntroduceVariable2.html,intellij-idea
neue-IntroduceVariableIncompleteCode.html,intellij-idea
neue-JarDiff.html,intellij-idea
neue-JoinLines.html,intellij-idea
neue-JupyterAddCell.html,intellij-idea
neue-JupyterExecuteCurrentSelectNext.html,intellij-idea
neue-JupyterShortcuts.html,intellij-idea
neue-LayoutCode.html,intellij-idea
neue-LensMode.html,intellij-idea
neue-LineEndings.html,intellij-idea
neue-LineEndingsFolder.html,intellij-idea
neue-LiveTemplates.html,intellij-idea
neue-MoveInnerToUpper.html,intellij-idea
neue-MoveUpDown.html,intellij-idea
neue-Multicursor.html,intellij-idea
neue-Multiselection1.html,intellij-idea
neue-Multiselection2.html,intellij-idea
neue-MultiselectionWords.html,intellij-idea
neue-NavigateBetweenErros.html,intellij-idea
neue-NextPrevError.html,intellij-idea
neue-OverrideImplementMethods.html,intellij-idea
neue-PostfixCompletion.html,intellij-idea
neue-PrintKeywords.html,intellij-idea
neue-QuickJavaDoc.html,intellij-idea
neue-QuickJavaDocInLookups.html,intellij-idea
neue-QuickSwitchScheme.html,intellij-idea
neue-RecentChanges.html,intellij-idea
neue-RecentFiles.html,intellij-idea
neue-RecentSearch.html,intellij-idea
neue-RefactorThis.html,intellij-idea
neue-RemoveBreakpoint.html,intellij-idea
neue-Rename.html,intellij-idea
neue-RichTextCopy.html,intellij-idea
neue-Scratch.html,intellij-idea
neue-SearchEverywhere.html,intellij-idea
neue-SecondBasicClassNameCompletion.html,intellij-idea
neue-SecondSmartCompletionArrayMember.html,intellij-idea
neue-SecondSmartCompletionAsList.html,intellij-idea
neue-SecondSmartCompletionChain.html,intellij-idea
neue-SecondSmartCompletionToar.html,intellij-idea
neue-SelectIn.html,intellij-idea
neue-SelectionInLoGView.html,intellij-idea
neue-ShowUsages.html,intellij-idea
neue-SmartTypeAfterNew.html,intellij-idea
neue-SmartTypeCasting.html,intellij-idea
neue-SmartTypeCompletion.html,intellij-idea
neue-SpeedSearch.html,intellij-idea
neue-SpellcheckerDictionaries.html,intellij-idea
neue-SplitEditor.html,intellij-idea
neue-SpringCreateBeanFromUsage.html,intellij-idea
neue-SpringGotoRelated.html,intellij-idea
neue-SpringGotoSymbol.html,intellij-idea
neue-SpringInject.html,intellij-idea
neue-SpringOpenBean.html,intellij-idea
neue-SurroundWith.html,intellij-idea
neue-SurroundWith2.html,intellij-idea
neue-Switcher.html,intellij-idea
neue-TabInLookups.html,intellij-idea
neue-UmlClassDiagram.html,intellij-idea
neue-VariableNameCompletion.html,intellij-idea
neue-Welcome.html,intellij-idea
neue-WideScreen.html,intellij-idea
neue-WildcardsInNavigationPopups.html,intellij-idea
neue-YouTrack_integration.html,intellij-idea
neue-find_action.html,intellij-idea
neue-find_usages.html,intellij-idea
neue-jump_to_colors_fonts.html,intellij-idea
neue-local_history.html,intellij-idea
neue-partial_git_commit.html,intellij-idea
neue-pull_requests.html,intellij-idea
neue-recent locations.html,intellij-idea
neue-run_anything.html,intellij-idea
neue-smart_selection.html,intellij-idea
neue-structural_search.html,intellij-idea
neue-1934c91e.html,intellij-idea-community
neue-AltInsertInEditor.html,intellij-idea-community
neue-Antivirus.html,intellij-idea-community
neue-Antivirus2.html,intellij-idea-community
neue-BreakpointSpeedmenu.html,intellij-idea-community
neue-BreakpointSpeedmenu2.html,intellij-idea-community
neue-CamelHumpsInCodeCompletion.html,intellij-idea-community
neue-CamelPrefixesInNavigationPopups.html,intellij-idea-community
neue-CancelByControlArrows.html,intellij-idea-community
neue-ChangeSignatureAfterMovingParameters.html,intellij-idea-community
neue-ChangeSorting.html,intellij-idea-community
neue-CheckRegExp.html,intellij-idea-community
neue-ClipboardStack.html,intellij-idea-community
neue-CloseOthers.html,intellij-idea-community
neue-Close_all_editor_tabs.html,intellij-idea-community
neue-CodeCompletion.html,intellij-idea-community
neue-CodeCompletionInSearch.html,intellij-idea-community
neue-CodeCompletionMiddle.html,intellij-idea-community
neue-ColorEditingInCss.html,intellij-idea-community
neue-ColumnSelection.html,intellij-idea-community
neue-CommentCode.html,intellij-idea-community
neue-CommitCtrlK.html,intellij-idea-community
neue-Compare.html,intellij-idea-community
neue-Compare2.html,intellij-idea-community
neue-CompleteStatement.html,intellij-idea-community
neue-CompleteStatement2.html,intellij-idea-community
neue-CompletionImportStatic.html,intellij-idea-community
neue-ConfiguringTerminal.html,intellij-idea-community
neue-ContextActions.html,intellij-idea-community
neue-CopyClass.html,intellij-idea-community
neue-CopyPasteReference.html,intellij-idea-community
neue-Copyright.html,intellij-idea-community
neue-CreatePropertyTag.html,intellij-idea-community
neue-CtrlD.html,intellij-idea-community
neue-CtrlDotInLookups.html,intellij-idea-community
neue-CtrlW.html,intellij-idea-community
neue-DotEtcInLookups.html,intellij-idea-community
neue-DragToOpen.html,intellij-idea-community
neue-EditRegExp.html,intellij-idea-community
neue-EditorConfig.html,intellij-idea-community
neue-EnterDirectoryInGotoFile.html,intellij-idea-community
neue-EvaluateExpressionInEditor.html,intellij-idea-community
neue-ExcludeFromProject.html,intellij-idea-community
neue-ExternalJavaDoc.html,intellij-idea-community
neue-FavoritesToolWindow1.html,intellij-idea-community
neue-FavoritesToolWindow2.html,intellij-idea-community
neue-FileStructurePopup.html,intellij-idea-community
neue-FileStructurePopup2.html,intellij-idea-community
neue-FinishByExclamation.html,intellij-idea-community
neue-FinishBySmartEnter.html,intellij-idea-community
neue-FinishBySmartEnter2.html,intellij-idea-community
neue-FixDocComment.html,intellij-idea-community
neue-FocusProjectToolWindow.html,intellij-idea-community
neue-GoToImplementation.html,intellij-idea-community
neue-HierarchyBrowser.html,intellij-idea-community
neue-HighlightImplements.html,intellij-idea-community
neue-HighlightMethodExitPoint.html,intellij-idea-community
neue-HighlightThrows.html,intellij-idea-community
neue-HorizontalScrolling.html,intellij-idea-community
neue-ImagesLookup.html,intellij-idea-community
neue-InsertLiveTemplate.html,intellij-idea-community
neue-InspectCode.html,intellij-idea-community
neue-IntroduceVariable.html,intellij-idea-community
neue-IntroduceVariable2.html,intellij-idea-community
neue-IntroduceVariableIncompleteCode.html,intellij-idea-community
neue-JoinLines.html,intellij-idea-community
neue-LayoutCode.html,intellij-idea-community
neue-LensMode.html,intellij-idea-community
neue-LineEndings.html,intellij-idea-community
neue-LineEndingsFolder.html,intellij-idea-community
neue-LiveTemplates.html,intellij-idea-community
neue-MoveInnerToUpper.html,intellij-idea-community
neue-MoveUpDown.html,intellij-idea-community
neue-Multicursor.html,intellij-idea-community
neue-Multiselection1.html,intellij-idea-community
neue-Multiselection2.html,intellij-idea-community
neue-MultiselectionWords.html,intellij-idea-community
neue-NavigateBetweenErros.html,intellij-idea-community
neue-NextPrevError.html,intellij-idea-community
neue-OverrideImplementMethods.html,intellij-idea-community
neue-PostfixCompletion.html,intellij-idea-community
neue-PrintKeywords.html,intellij-idea-community
neue-QuickJavaDoc.html,intellij-idea-community
neue-QuickJavaDocInLookups.html,intellij-idea-community
neue-QuickSwitchScheme.html,intellij-idea-community
neue-RecentChanges.html,intellij-idea-community
neue-RecentFiles.html,intellij-idea-community
neue-RecentSearch.html,intellij-idea-community
neue-RefactorThis.html,intellij-idea-community
neue-RemoveBreakpoint.html,intellij-idea-community
neue-Rename.html,intellij-idea-community
neue-RichTextCopy.html,intellij-idea-community
neue-Scratch.html,intellij-idea-community
neue-SearchEverywhere.html,intellij-idea-community
neue-SecondBasicClassNameCompletion.html,intellij-idea-community
neue-SecondSmartCompletionArrayMember.html,intellij-idea-community
neue-SecondSmartCompletionAsList.html,intellij-idea-community
neue-SecondSmartCompletionChain.html,intellij-idea-community
neue-SecondSmartCompletionToar.html,intellij-idea-community
neue-SelectionInLoGView.html,intellij-idea-community
neue-ShowUsages.html,intellij-idea-community
neue-SmartTypeAfterNew.html,intellij-idea-community
neue-SmartTypeCasting.html,intellij-idea-community
neue-SmartTypeCompletion.html,intellij-idea-community
neue-SpeedSearch.html,intellij-idea-community
neue-SpellcheckerDictionaries.html,intellij-idea-community
neue-SurroundWith.html,intellij-idea-community
neue-SurroundWith2.html,intellij-idea-community
neue-Switcher.html,intellij-idea-community
neue-TabInLookups.html,intellij-idea-community
neue-VariableNameCompletion.html,intellij-idea-community
neue-Welcome.html,intellij-idea-community
neue-WideScreen.html,intellij-idea-community
neue-YouTrack_integration.html,intellij-idea-community
neue-fa3f2580.html,intellij-idea-community
neue-find_action.html,intellij-idea-community
neue-find_usages.html,intellij-idea-community
neue-jump_to_colors_fonts.html,intellij-idea-community
neue-local_history.html,intellij-idea-community
neue-partial_git_commit.html,intellij-idea-community
neue-pull_requests.html,intellij-idea-community
neue-recent locations.html,intellij-idea-community
neue-run_anything.html,intellij-idea-community
neue-smart_selection.html,intellij-idea-community
neue-structural_search.html,intellij-idea-community
neue-045355cf.html,pycharm
neue-0ba09348.html,pycharm
neue-3b21fc93.html,pycharm
neue-7b243f46.html,pycharm
neue-845792df.html,pycharm
neue-89e75c2e.html,pycharm
neue-9ce73e39.html,pycharm
neue-AnnotationsAndDiffs.html,pycharm
neue-BreakpointIntentions.html,pycharm
neue-BreakpointSpeedmenu.html,pycharm
neue-BuiltInServer.html,pycharm
neue-CamelHumpsInCodeCompletion.html,pycharm
neue-CamelPrefixesInNavigationPopups.html,pycharm
neue-CancelByControlArrows.html,pycharm
neue-ChangeSorting.html,pycharm
neue-ChangesView.html,pycharm
neue-CheckRegExp.html,pycharm
neue-ClipboardStack.html,pycharm
neue-CloseOthers.html,pycharm
neue-Close_all_editor_tabs.html,pycharm
neue-ClosingTag.html,pycharm
neue-CodeCompletion.html,pycharm
neue-CodeCompletionInSearch.html,pycharm
neue-CodeCompletionMiddle.html,pycharm
neue-CodeCompletionNoShift.html,pycharm
neue-ColorEditingInCss.html,pycharm
neue-ColumnSelection.html,pycharm
neue-CommentCode.html,pycharm
neue-CommitCtrlK.html,pycharm
neue-Compare.html,pycharm
neue-CompletionImportStatic.html,pycharm
neue-ConfiguringTerminal.html,pycharm
neue-Consoles.html,pycharm
neue-ConsolesCodeCompletion.html,pycharm
neue-ConsolesHistory.html,pycharm
neue-CopyWithNoSelection.html,pycharm
neue-Copyright.html,pycharm
neue-CtrlD.html,pycharm
neue-CtrlDotInLookups.html,pycharm
neue-CtrlShiftI.html,pycharm
neue-CtrlShiftIForLookup.html,pycharm
neue-CtrlW.html,pycharm
neue-DiffChevron.html,pycharm
neue-DirDiff.html,pycharm
neue-DragToOpen.html,pycharm
neue-EditRegExp.html,pycharm
neue-EditorConfig.html,pycharm
neue-Emmet.html,pycharm
neue-EnterDirectoryInGotoFile.html,pycharm
neue-Escape.html,pycharm
neue-EvaluateExpressionInEditor.html,pycharm
neue-FileStructurePopup.html,pycharm
neue-FindReplaceToggle.html,pycharm
neue-FinishByExclamation.html,pycharm
neue-GoToAction.html,pycharm
neue-GoToClass.html,pycharm
neue-GoToDeclaration.html,pycharm
neue-GoToFile.html,pycharm
neue-GoToInspection.html,pycharm
neue-GoToSymbol.html,pycharm
neue-HighlightUsagesInFile.html,pycharm
neue-HorizontalScrolling.html,pycharm
neue-ImageFileCompletion.html,pycharm
neue-ImagesLookup.html,pycharm
neue-InPlaceRefactoring.html,pycharm
neue-InspectCode.html,pycharm
neue-Interpreter.html,pycharm
neue-IntroduceVariable.html,pycharm
neue-IssueNavigation.html,pycharm
neue-JoinLines.html,pycharm
neue-JumpToLastEdit.html,pycharm
neue-JupyterAddCell.html,pycharm
neue-JupyterExecuteCurrentSelectNext.html,pycharm
neue-JupyterShortcuts.html,pycharm
neue-LaunchConsole.html,pycharm
neue-LensMode.html,pycharm
neue-LineEndings.html,pycharm
neue-LineEndingsFolder.html,pycharm
neue-LiveTemplates.html,pycharm
neue-LiveTemplatesRestore.html,pycharm
neue-Managepy.html,pycharm
neue-MenuItemsDescriptions.html,pycharm
neue-MethodSeparators.html,pycharm
neue-MethodUpDown.html,pycharm
neue-MoveToChangelist.html,pycharm
neue-MoveUpDown.html,pycharm
neue-Multicursor.html,pycharm
neue-Multicursor1.html,pycharm
neue-Multiselection1.html,pycharm
neue-Multiselection2.html,pycharm
neue-MultiselectionWords.html,pycharm
neue-NavBar.html,pycharm
neue-NavigateToFilePath.html,pycharm
neue-OnDemandLoadingPolicy.html,pycharm
neue-OptimizeImports-py.html,pycharm
neue-OverrideImplementMethods.html,pycharm
neue-ParameterInfo.html,pycharm
neue-PreviewTODO.html,pycharm
neue-PrintKeywords.html,pycharm
neue-PytestFixtures.html,pycharm
neue-QuickDocInSuggestionList.html,pycharm
neue-QuickDocOnMouseMove.html,pycharm
neue-QuickEvaluateExpression.html,pycharm
neue-QuickFixRightArrow.html,pycharm
neue-QuickJavaDoc.html,pycharm
neue-QuickJavaDocInLookups.html,pycharm
neue-QuickSwitchScheme.html,pycharm
neue-RecentChanges.html,pycharm
neue-RecentFiles.html,pycharm
neue-RecentSearch.html,pycharm
neue-RedirectingInput.html,pycharm
neue-RefactorThis.html,pycharm
neue-RemoveBreakpoint.html,pycharm
neue-Rename.html,pycharm
neue-RenameCssSelector.html,pycharm
neue-RichTextCopy.html,pycharm
neue-RunConfigFolders.html,pycharm
neue-ScopesInTODO.html,pycharm
neue-Scratch.html,pycharm
neue-ScratchesView.html,pycharm
neue-SearchEverywhere.html,pycharm
neue-SearchInSettings.html,pycharm
neue-SecondBasicClassNameCompletion.html,pycharm
neue-SelectIn.html,pycharm
neue-SelectRunDebugConfiguration.html,pycharm
neue-SelectTasks.html,pycharm
neue-SelectionInLoGView.html,pycharm
neue-ShowAppliedStyles.html,pycharm
neue-ShowHideSideBars.html,pycharm
neue-ShowUsages.html,pycharm
neue-SpeedSearch.html,pycharm
neue-SpeedSearchinLiveTemplates.html,pycharm
neue-Spellchecker.html,pycharm
neue-SpellcheckerDictionaries.html,pycharm
neue-SurroundWith.html,pycharm
neue-Switcher.html,pycharm
neue-TabInEditorClose.html,pycharm
neue-TabInLookups.html,pycharm
neue-TagNameCompletion.html,pycharm
neue-Terminal.html,pycharm
neue-TerminalOpen.html,pycharm
neue-ToolWindowsQuickAccess.html,pycharm
neue-TypeHinting.html,pycharm
neue-VcsQuickList.html,pycharm
neue-Welcome.html,pycharm
neue-WideScreen.html,pycharm
neue-WildcardsInNavigationPopups.html,pycharm
neue-YouTrack_integration.html,pycharm
neue-a33a7f69.html,pycharm
neue-c0369c2e.html,pycharm
neue-f44935b7.html,pycharm
neue-f9c2c6fe.html,pycharm
neue-find_action.html,pycharm
neue-find_usages.html,pycharm
neue-jump_to_colors_fonts.html,pycharm
neue-local_history.html,pycharm
neue-partial_git_commit.html,pycharm
neue-pull_requests.html,pycharm
neue-recent-locations.html,pycharm
neue-run_anything.html,pycharm
neue-smart_selection.html,pycharm
neue-tips_db_WordCompletion.html,pycharm
neue-3c531c14.html,pycharm-community
neue-6687f3d8.html,pycharm-community
neue-AnnotationsAndDiffs.html,pycharm-community
neue-BreakpointIntentions.html,pycharm-community
neue-BreakpointSpeedmenu.html,pycharm-community
neue-CamelHumpsInCodeCompletion.html,pycharm-community
neue-CamelPrefixesInNavigationPopups.html,pycharm-community
neue-CancelByControlArrows.html,pycharm-community
neue-ChangeSorting.html,pycharm-community
neue-ChangesView.html,pycharm-community
neue-CheckRegExp.html,pycharm-community
neue-ClipboardStack.html,pycharm-community
neue-CloseOthers.html,pycharm-community
neue-Close_all_editor_tabs.html,pycharm-community
neue-ClosingTag.html,pycharm-community
neue-CodeCompletion.html,pycharm-community
neue-CodeCompletionInSearch.html,pycharm-community
neue-CodeCompletionMiddle.html,pycharm-community
neue-CodeCompletionNoShift.html,pycharm-community
neue-ColorEditingInCss.html,pycharm-community
neue-ColumnSelection.html,pycharm-community
neue-CommentCode.html,pycharm-community
neue-CommitCtrlK.html,pycharm-community
neue-Compare.html,pycharm-community
neue-CompletionImportStatic.html,pycharm-community
neue-CopyPasteReference.html,pycharm-community
neue-CopyWithNoSelection.html,pycharm-community
neue-Copyright.html,pycharm-community
neue-CtrlD.html,pycharm-community
neue-CtrlDotInLookups.html,pycharm-community
neue-CtrlShiftI.html,pycharm-community
neue-CtrlShiftIForLookup.html,pycharm-community
neue-CtrlW.html,pycharm-community
neue-DiffChevron.html,pycharm-community
neue-DirDiff.html,pycharm-community
neue-DragToOpen.html,pycharm-community
neue-EditRegExp.html,pycharm-community
neue-EditorConfig.html,pycharm-community
neue-EnterDirectoryInGotoFile.html,pycharm-community
neue-Escape.html,pycharm-community
neue-EvaluateExpressionInEditor.html,pycharm-community
neue-FileStructurePopup.html,pycharm-community
neue-FindInPath.html,pycharm-community
neue-FindReplaceToggle.html,pycharm-community
neue-FinishByExclamation.html,pycharm-community
neue-GoToAction.html,pycharm-community
neue-GoToClass.html,pycharm-community
neue-GoToDeclaration.html,pycharm-community
neue-GoToFile.html,pycharm-community
neue-GoToInspection.html,pycharm-community
neue-GoToSymbol.html,pycharm-community
neue-GotoLineInFile.html,pycharm-community
neue-HighlightUsagesInFile.html,pycharm-community
neue-HorizontalScrolling.html,pycharm-community
neue-ImagesLookup.html,pycharm-community
neue-InspectCode.html,pycharm-community
neue-Interpreter.html,pycharm-community
neue-IntroduceVariable.html,pycharm-community
neue-JoinLines.html,pycharm-community
neue-JumpToLastEdit.html,pycharm-community
neue-LaunchConsole.html,pycharm-community
neue-LensMode.html,pycharm-community
neue-LineEndings.html,pycharm-community
neue-LineEndingsFolder.html,pycharm-community
neue-LiveTemplates.html,pycharm-community
neue-LiveTemplatesRestore.html,pycharm-community
neue-Managepy.html,pycharm-community
neue-MenuItemsDescriptions.html,pycharm-community
neue-MethodSeparators.html,pycharm-community
neue-MethodUpDown.html,pycharm-community
neue-MoveToChangelist.html,pycharm-community
neue-MoveUpDown.html,pycharm-community
neue-Multicursor.html,pycharm-community
neue-Multicursor1.html,pycharm-community
neue-Multiselection1.html,pycharm-community
neue-Multiselection2.html,pycharm-community
neue-MultiselectionWords.html,pycharm-community
neue-NavBar.html,pycharm-community
neue-NavigateToFilePath.html,pycharm-community
neue-OnDemandLoadingPolicy.html,pycharm-community
neue-OptimizeImports-py.html,pycharm-community
neue-OverrideImplementMethods.html,pycharm-community
neue-ParameterInfo.html,pycharm-community
neue-PreviewTODO.html,pycharm-community
neue-PrintKeywords.html,pycharm-community
neue-QuickDocInSuggestionList.html,pycharm-community
neue-QuickDocOnMouseMove.html,pycharm-community
neue-QuickEvaluateExpression.html,pycharm-community
neue-QuickFixRightArrow.html,pycharm-community
neue-QuickJavaDocInLookups.html,pycharm-community
neue-QuickSwitchScheme.html,pycharm-community
neue-RecentChanges.html,pycharm-community
neue-RecentFiles.html,pycharm-community
neue-RecentSearch.html,pycharm-community
neue-RedirectingInput.html,pycharm-community
neue-RefactorThis.html,pycharm-community
neue-RemoveBreakpoint.html,pycharm-community
neue-Rename.html,pycharm-community
neue-RenameCssSelector.html,pycharm-community
neue-RichTextCopy.html,pycharm-community
neue-RunConfigFolders.html,pycharm-community
neue-ScopesInTODO.html,pycharm-community
neue-Scratch.html,pycharm-community
neue-SearchEverywhere.html,pycharm-community
neue-SecondBasicClassNameCompletion.html,pycharm-community
neue-SelectIn.html,pycharm-community
neue-SelectRunDebugConfiguration.html,pycharm-community
neue-SelectionInLoGView.html,pycharm-community
neue-ShowHideSideBars.html,pycharm-community
neue-ShowUsages.html,pycharm-community
neue-SpeedSearch.html,pycharm-community
neue-SpeedSearchinLiveTemplates.html,pycharm-community
neue-Spellchecker.html,pycharm-community
neue-SpellcheckerDictionaries.html,pycharm-community
neue-SurroundWith.html,pycharm-community
neue-Switcher.html,pycharm-community
neue-TabInEditorClose.html,pycharm-community
neue-TabInLookups.html,pycharm-community
neue-TagNameCompletion.html,pycharm-community
neue-ToolWindowsQuickAccess.html,pycharm-community
neue-TypeHinting.html,pycharm-community
neue-VcsQuickList.html,pycharm-community
neue-Welcome.html,pycharm-community
neue-WideScreen.html,pycharm-community
neue-WildcardsInNavigationPopups.html,pycharm-community
neue-YouTrack_integration.html,pycharm-community
neue-b6a00f9b.html,pycharm-community
neue-find_action.html,pycharm-community
neue-find_usages.html,pycharm-community
neue-jump_to_colors_fonts.html,pycharm-community
neue-local_history.html,pycharm-community
neue-partial_git_commit.html,pycharm-community
neue-pull_requests.html,pycharm-community
neue-recent-locations.html,pycharm-community
neue-run_anything.html,pycharm-community
neue-smart_selection.html,pycharm-community
neue-1374637c.html,clion
neue-AnnotationsAndDiffs.html,clion
neue-CamelHumps.html,clion
neue-CamelPrefixesInNavigationPopups.html,clion
neue-CancelByControlArrows.html,clion
neue-ChangeSignature.html,clion
neue-ChangesView.html,clion
neue-CheckRegExp.html,clion
neue-ClipboardStack.html,clion
neue-CloseOthers.html,clion
neue-Close_all_editor_tabs.html,clion
neue-CodeCompletion.html,clion
neue-CodeCompletionMiddle.html,clion
neue-CodeCompletionNoShift.html,clion
neue-ColorEditingInCss.html,clion
neue-ColorFiles.html,clion
neue-ColumnSelection.html,clion
neue-CommitCtrlK.html,clion
neue-CompleteStatement.html,clion
neue-CopyWithNoSelection.html,clion
neue-CtrlD.html,clion
neue-CtrlDotInLookups.html,clion
neue-CtrlShiftI.html,clion
neue-CtrlShiftIForLookup.html,clion
neue-CtrlW.html,clion
neue-DeleteLine.html,clion
neue-DirDiff.html,clion
neue-DragToOpen.html,clion
neue-EditRegExp.html,clion
neue-EditorConfig.html,clion
neue-EnterDirectoryInGotoFile.html,clion
neue-Escape.html,clion
neue-EvaluateExpressionInEditor.html,clion
neue-ExcludeFromProject.html,clion
neue-ExtractClass.html,clion
neue-ExtractConstant.html,clion
neue-ExtractDefine.html,clion
neue-ExtractMethod.html,clion
neue-ExtractParameter.html,clion
neue-ExtractTypedef.html,clion
neue-ExtractVariable.html,clion
neue-FileStructurePopup.html,clion
neue-FindInPath.html,clion
neue-FindReplaceToggle.html,clion
neue-FindUsages.html,clion
neue-Generate.html,clion
neue-GenerateDefinitions.html,clion
neue-GenerateDoxygen.html,clion
neue-GoToAction.html,clion
neue-GoToClass.html,clion
neue-GoToDeclaration.html,clion
neue-GoToFile.html,clion
neue-GoToInspection.html,clion
neue-GoToSymbol.html,clion
neue-GotoLineInFile.html,clion
neue-GutterNavigation.html,clion
neue-HighlightUsagesInFile.html,clion
neue-HippieCompletion.html,clion
neue-HorizontalScrolling.html,clion
neue-ImageFileCompletion.html,clion
neue-ImagesLookup.html,clion
neue-InlineVariable.html,clion
neue-InspectCode.html,clion
neue-IntroduceVariable.html,clion
neue-IssueNavigation.html,clion
neue-JumpToLastEdit.html,clion
neue-LayoutCode.html,clion
neue-LiveTemplates.html,clion
neue-LiveTemplatesRestore.html,clion
neue-LocalVCS.html,clion
neue-MenuItemsDescriptions.html,clion
neue-MethodSeparators.html,clion
neue-MethodUpDown.html,clion
neue-Move.html,clion
neue-MoveToChangelist.html,clion
neue-Multicursor.html,clion
neue-Multicursor1.html,clion
neue-NavBar.html,clion
neue-NavigateToFilePath.html,clion
neue-NewCMakeProject.html,clion
neue-OverrideImplementMethods.html,clion
neue-ParameterInfo.html,clion
neue-PredefinedCodeStyle.html,clion
neue-PreviewTODO.html,clion
neue-PullMembers.html,clion
neue-QuickDefinition.html,clion
neue-QuickDocInSuggestionList.html,clion
neue-QuickDocOnMouseMove.html,clion
neue-QuickDocumentation.html,clion
neue-QuickEvaluateExpression.html,clion
neue-QuickFix.html,clion
neue-QuickFixRightArrow.html,clion
neue-QuickJavaDocInLookups.html,clion
neue-QuickSwitchScheme.html,clion
neue-RecentChanges.html,clion
neue-RecentFiles.html,clion
neue-RecentSearch.html,clion
neue-Rename.html,clion
neue-RenameCssSelector.html,clion
neue-RunConfigFolders.html,clion
neue-ScopesInTODO.html,clion
neue-Scratch.html,clion
neue-SearchEverywhere.html,clion
neue-SearchInSettings.html,clion
neue-SelectIn.html,clion
neue-SelectRunDebugConfiguration.html,clion
neue-SelectTasks.html,clion
neue-SelectionInLoGView.html,clion
neue-ShowAppliedStyles.html,clion
neue-ShowHideSideBars.html,clion
neue-ShowUsages.html,clion
neue-SmartTypeCompletion.html,clion
neue-SpecialCharacters.html,clion
neue-SpeedSearch.html,clion
neue-SpeedSearchinLiveTemplates.html,clion
neue-Spellchecker.html,clion
neue-SpellcheckerDictionaries.html,clion
neue-SurroundWith.html,clion
neue-Switcher.html,clion
neue-TabInEditorClose.html,clion
neue-TabInLookups.html,clion
neue-TerminalOpen.html,clion
neue-TypeHierarchy.html,clion
neue-VcsQuickList.html,clion
neue-Welcome.html,clion
neue-WildcardsInNavigationPopups.html,clion
neue-WordCompletion.html,clion
neue-YouTrack_integration.html,clion
neue-find_usages.html,clion
neue-jump_to_colors_fonts.html,clion
neue-local_history.html,clion
neue-moveFileToChangelist.html,clion
neue-partial_git_commit.html,clion
neue-pull_requests.html,clion
neue-run_anything.html,clion
neue-smart_selection.html,clion
neue-BreakpointSpeedmenu.html,appcode
neue-CamelHumpsInCodeCompletion.html,appcode
neue-CancelByControlArrows.html,appcode
neue-ChangeSignature.html,appcode
neue-ChangeSorting.html,appcode
neue-ClipboardStack.html,appcode
neue-Close_all_editor_tabs.html,appcode
neue-ClosingTag.html,appcode
neue-CodeCompletionInSearch.html,appcode
neue-CodeCompletionMiddle.html,appcode
neue-ColorFiles.html,appcode
neue-ColumnSelection.html,appcode
neue-CommentCode.html,appcode
neue-CommitCtrlK.html,appcode
neue-CompleteStatement.html,appcode
neue-ConfiguringTerminal.html,appcode
neue-ContextActions.html,appcode
neue-ConvertToInstanceVariable.html,appcode
neue-ConvertToLiteral.html,appcode
neue-ConvertToMethod.html,appcode
neue-ConvertToProperty.html,appcode
neue-CopyPasteReference.html,appcode
neue-CopyWithNoSelection.html,appcode
neue-Copyright.html,appcode
neue-CtrlD.html,appcode
neue-CtrlDotInLookups.html,appcode
neue-CtrlShiftIForLookup.html,appcode
neue-CtrlW.html,appcode
neue-DeleteLine.html,appcode
neue-DirDiff.html,appcode
neue-DragToOpen.html,appcode
neue-EnterDirectoryInGotoFile.html,appcode
neue-Escape.html,appcode
neue-EvaluateExpressionInEditor.html,appcode
neue-ExcludeFromProject.html,appcode
neue-ExternalJavaDoc.html,appcode
neue-ExtractCategory.html,appcode
neue-ExtractClass.html,appcode
neue-ExtractConstant.html,appcode
neue-ExtractDefine.html,appcode
neue-ExtractInstanceVariable.html,appcode
neue-ExtractMethod.html,appcode
neue-ExtractParameter.html,appcode
neue-ExtractProperty.html,appcode
neue-ExtractProtocol.html,appcode
neue-ExtractTypedef.html,appcode
neue-ExtractVariable.html,appcode
neue-FavoritesToolWindow1.html,appcode
neue-FileStructurePopup.html,appcode
neue-FindInPath.html,appcode
neue-FindReplaceToggle.html,appcode
neue-FinishBySmartEnter.html,appcode
neue-FocusProjectToolWindow.html,appcode
neue-Generate.html,appcode
neue-GenerateDefinitions.html,appcode
neue-GenerateDoxygen.html,appcode
neue-GoToAction.html,appcode
neue-GoToClass.html,appcode
neue-GoToDeclaration.html,appcode
neue-GoToInspection.html,appcode
neue-GoToSymbol.html,appcode
neue-GutterNavigation.html,appcode
neue-HierarchyBrowser.html,appcode
neue-HighlightUsagesInFile.html,appcode
neue-HorizontalScrolling.html,appcode
neue-ImagesLookup.html,appcode
neue-InlineVariable.html,appcode
neue-InspectCode.html,appcode
neue-JoinLines.html,appcode
neue-JumpToLastEdit.html,appcode
neue-LayoutCode.html,appcode
neue-LensMode.html,appcode
neue-LineEndings.html,appcode
neue-LiveTemplates.html,appcode
neue-Localize.html,appcode
neue-Move.html,appcode
neue-MoveToChangelist.html,appcode
neue-MoveUpDown.html,appcode
neue-Multicursor.html,appcode
neue-Multiselection1.html,appcode
neue-NavigateBetweenErros.html,appcode
neue-OverrideImplementMethods.html,appcode
neue-PredefinedCodeStyle.html,appcode
neue-PreviewTODO.html,appcode
neue-PullMembers.html,appcode
neue-QuickFix.html,appcode
neue-QuickJavaDoc.html,appcode
neue-RecentChanges.html,appcode
neue-RecentSearch.html,appcode
neue-RefactorThis.html,appcode
neue-Rename.html,appcode
neue-Scratch.html,appcode
neue-SearchEverywhere.html,appcode
neue-SelectIn.html,appcode
neue-SelectionInLoGView.html,appcode
neue-SpellcheckerDictionaries.html,appcode
neue-SurroundWith.html,appcode
neue-Switcher.html,appcode
neue-Welcome.html,appcode
neue-WideScreen.html,appcode
neue-WildcardsInNavigationPopups.html,appcode
neue-YouTrack_integration.html,appcode
neue-find_usages.html,appcode
neue-jump_to_colors_fonts.html,appcode
neue-local_history.html,appcode
neue-partial_git_commit.html,appcode
neue-pull_requests.html,appcode
neue-recent locations.html,appcode
neue-run_anything.html,appcode
neue-smart_selection.html,appcode
neue-DBColors.html,database plugin
neue-DBConsole.html,database plugin
neue-DBMakeDataSourceReadonly.html,database plugin
neue-db_tip_back_up_table.html,database plugin
neue-db_tip_drag_csv_file_to_create_table.html,database plugin
neue-db_tip_forget_cached_schemas.html,database plugin
neue-db_tip_live_connection.html,database plugin
neue-intention_action_replace_with_between_expression.html,database plugin
neue-warning_for_incorrect_equals_operator.html,database plugin
neue-warning_for_unnecessary_coalesce_operator.html,database plugin
neue-CancelByControlArrows.html,datagrip
neue-ChangeSorting.html,datagrip
neue-ClipboardStack.html,datagrip
neue-Close_all_editor_tabs.html,datagrip
neue-CodeCompletionInSearch.html,datagrip
neue-CodeCompletionMiddle.html,datagrip
neue-ColumnSelection.html,datagrip
neue-CompareTableStructuresAndContent.html,datagrip
neue-CopyWithNoSelection.html,datagrip
neue-CtrlD.html,datagrip
neue-CtrlDotInLookups.html,datagrip
neue-DBAutoSync.html,datagrip
neue-DBDataSourceByDragAndDrop.html,datagrip
neue-DBDiagramShow.html,datagrip
neue-DBDiagramShowExecutionPlan.html,datagrip
neue-DBMakeTableReadonly.html,datagrip
neue-DBQuickDoc.html,datagrip
neue-DirDiff.html,datagrip
neue-DragToOpen.html,datagrip
neue-EditorConfig.html,datagrip
neue-Escape.html,datagrip
neue-FileStructurePopup.html,datagrip
neue-FindInPath.html,datagrip
neue-FindReplaceToggle.html,datagrip
neue-GoToAction.html,datagrip
neue-GoToFile.html,datagrip
neue-GoToInspection.html,datagrip
neue-GoToSymbol.html,datagrip
neue-HighlightUsagesInFile.html,datagrip
neue-HippieCompletion.html,datagrip
neue-HorizontalScrolling.html,datagrip
neue-InsertLiveTemplate.html,datagrip
neue-JoinLines.html,datagrip
neue-JumpToLastEdit.html,datagrip
neue-LayoutCode.html,datagrip
neue-LiveTemplates.html,datagrip
neue-PostfixCompletion.html,datagrip
neue-QuickSwitchScheme.html,datagrip
neue-RecentChanges.html,datagrip
neue-RecentFiles.html,datagrip
neue-SearchEverywhere.html,datagrip
neue-SelectionInLoGView.html,datagrip
neue-ShowUsages.html,datagrip
neue-SurroundWith.html,datagrip
neue-Switcher.html,datagrip
neue-TabInEditorClose.html,datagrip
neue-action_sort_lines.html,datagrip
neue-db_tip_code_completion_for_abbreviated_function_names.html,datagrip
neue-db_tip_code_completion_for_abbreviated_object_names.html,datagrip
neue-db_tip_code_completion_in_code_editor.html,datagrip
neue-db_tip_consoles_scratch_files_and_buffers.html,datagrip
neue-db_tip_customize_query_execution.html,datagrip
neue-db_tip_duplicate_entire_lines.html,datagrip
neue-db_tip_expand_list_of_columns.html,datagrip
neue-db_tip_expand_selection_of_cells.html,datagrip
neue-db_tip_group_sort_database_objects.html,datagrip
neue-db_tip_prefer_ddl_over_view.html,datagrip
neue-db_tip_qualify_unqualify_identifiers.html,datagrip
neue-db_tip_quick_definition_of_file.html,datagrip
neue-db_tip_recently_edited_files.html,datagrip
neue-db_tip_search_for_table_procedure_with_abbreviations.html,datagrip
neue-db_tip_show_parameter_information.html,datagrip
neue-db_tip_text_search_result_set_or_editor.html,datagrip
neue-db_tip_transposed_view.html,datagrip
neue-find_action.html,datagrip
neue-find_usages.html,datagrip
neue-jump_to_colors_fonts.html,datagrip
neue-local_history.html,datagrip
neue-smart_selection.html,datagrip
neue-tips_db_AttachDirectorytoProject.html,datagrip
neue-tips_db_DBGoToSymbolFQN.html,datagrip
neue-tips_db_DBPlugins.html,datagrip
neue-tips_db_DBTerminal.html,datagrip
neue-tips_db_GoToTable.html,datagrip
neue-tips_db_JarDiff.html,datagrip
neue-tips_db_WordCompletion.html,datagrip
neue-CompareTableStructuresAndContent.html,datagrip plugin
neue-DBAutoSync.html,datagrip plugin
neue-DBColors.html,datagrip plugin
neue-DBConsole.html,datagrip plugin
neue-DBDataSourceByDragAndDrop.html,datagrip plugin
neue-DBDiagramShow.html,datagrip plugin
neue-DBDiagramShowExecutionPlan.html,datagrip plugin
neue-DBMakeDataSourceReadonly.html,datagrip plugin
neue-DBMakeTableReadonly.html,datagrip plugin
neue-DBQuickDoc.html,datagrip plugin
neue-action_sort_lines.html,datagrip plugin
neue-db_tip_back_up_table.html,datagrip plugin
neue-db_tip_code_completion_for_abbreviated_function_names.html,datagrip plugin
neue-db_tip_code_completion_for_abbreviated_object_names.html,datagrip plugin
neue-db_tip_consoles_scratch_files_and_buffers.html,datagrip plugin
neue-db_tip_customize_query_execution.html,datagrip plugin
neue-db_tip_drag_csv_file_to_create_table.html,datagrip plugin
neue-db_tip_duplicate_entire_lines.html,datagrip plugin
neue-db_tip_expand_list_of_columns.html,datagrip plugin
neue-db_tip_expand_selection_of_cells.html,datagrip plugin
neue-db_tip_forget_cached_schemas.html,datagrip plugin
neue-db_tip_group_sort_database_objects.html,datagrip plugin
neue-db_tip_hippie_completion.html,datagrip plugin
neue-db_tip_live_connection.html,datagrip plugin
neue-db_tip_prefer_ddl_over_view.html,datagrip plugin
neue-db_tip_qualify_unqualify_identifiers.html,datagrip plugin
neue-db_tip_quick_definition_of_file.html,datagrip plugin
neue-db_tip_recently_edited_files.html,datagrip plugin
neue-db_tip_search_for_table_procedure_with_abbreviations.html,datagrip plugin
neue-db_tip_show_parameter_information.html,datagrip plugin
neue-db_tip_text_search_result_set_or_editor.html,datagrip plugin
neue-db_tip_transposed_view.html,datagrip plugin
neue-db_tip_view_console_history.html,datagrip plugin
neue-intention_action_replace_with_between_expression.html,datagrip plugin
neue-tips_db_DBPlugins.html,datagrip plugin
neue-tips_db_DBTerminal.html,datagrip plugin
neue-tips_db_GoToTable.html,datagrip plugin
neue-tips_db_JarDiff.html,datagrip plugin
neue-warning_for_incorrect_equals_operator.html,datagrip plugin
neue-warning_for_unnecessary_coalesce_operator.html,datagrip plugin
neue-CancelByControlArrows.html,go
neue-ChangeSorting.html,go
neue-ClipboardStack.html,go
neue-Close_all_editor_tabs.html,go
neue-CodeCompletionInSearch.html,go
neue-CodeCompletionMiddle.html,go
neue-ColumnSelection.html,go
neue-CopyWithNoSelection.html,go
neue-CtrlD.html,go
neue-CtrlDotInLookups.html,go
neue-CtrlShiftIForLookup.html,go
neue-CtrlW.html,go
neue-DirDiff.html,go
neue-DragToOpen.html,go
neue-EditorConfig.html,go
neue-Escape.html,go
neue-ExtractMethod.html,go
neue-FileStructurePopup.html,go
neue-FindInPath.html,go
neue-GoToAction.html,go
neue-GoToClass.html,go
neue-GoToDeclaration.html,go
neue-GoToFile.html,go
neue-GoToInspection.html,go
neue-GoToSymbol.html,go
neue-HighlightUsagesInFile.html,go
neue-HippieCompletion.html,go
neue-InsertLiveTemplate.html,go
neue-IntroduceVariable.html,go
neue-JoinLines.html,go
neue-JumpToLastEdit.html,go
neue-LayoutCode.html,go
neue-LiveTemplates.html,go
neue-Multicursor.html,go
neue-PostfixCompletion.html,go
neue-QuickJavaDoc.html,go
neue-QuickSwitchScheme.html,go
neue-RecentChanges.html,go
neue-RecentFiles.html,go
neue-RefactorThis.html,go
neue-RemoveBreakpoint.html,go
neue-SearchEverywhere.html,go
neue-SelectionInLoGView.html,go
neue-ShowUsages.html,go
neue-SmartTypeCompletion.html,go
neue-SurroundWith.html,go
neue-Switcher.html,go
neue-TabInEditorClose.html,go
neue-attach_detach_folders.html,go
neue-create_method_function_if_there_is_no_call.html,go
neue-db_tip_code_completion_for_abbreviated_object_names.html,go
neue-delete_all_unused_parameters.html,go
neue-find_action.html,go
neue-find_usages.html,go
neue-go_tip_run_all_test_in_project.html,go
neue-handling_unused_parameters.html,go
neue-jump_to_colors_fonts.html,go
neue-local_history.html,go
neue-partial_git_commit.html,go
neue-pull_requests.html,go
neue-smart_selection.html,go
neue-tips_go_AddMissingMethods.html,go
neue-tips_go_AutoIndentLines.html,go
neue-tips_go_AutocompleteNegation.html,go
neue-tips_go_AutocompletionforAnonymousFunctionsandStructures.html,go
neue-tips_go_CallHierarchyFeature.html,go
neue-tips_go_CommentLine.html,go
neue-tips_go_CompleteWithTab.html,go
neue-tips_go_ConditionalBreakpoint.html,go
neue-tips_go_CopyStack.html,go
neue-tips_go_CoverageToolWindow.html,go
neue-tips_go_CreateScratchFileforSelection.html,go
neue-tips_go_CreateUnresolvedFunctionOrField.html,go
neue-tips_go_CustomizeKeymap.html,go
neue-tips_go_DebuggerWatches.html,go
neue-tips_go_DefineNestingRules.html,go
neue-tips_go_DisableandEnableInspections.html,go
neue-tips_go_DotImportAlias.html,go
neue-tips_go_DownloadAndManageSDK.html,go
neue-tips_go_DuplicateLine.html,go
neue-tips_go_EvaluateExpression.html,go
neue-tips_go_ExtractInterface.html,go
neue-tips_go_FindAction.html,go
neue-tips_go_FindKeymap.html,go
neue-tips_go_FormatStringArgument.html,go
neue-tips_go_GenerateConstructor.html,go
neue-tips_go_GenerateGetterSetter.html,go
neue-tips_go_GenerateParameterNamesAutomatically.html,go
neue-tips_go_GoCoreDumps.html,go
neue-tips_go_GoGet.html,go
neue-tips_go_GoToInterface.html,go
neue-tips_go_HighlightExitPoints.html,go
neue-tips_go_HtmlTemplates.html,go
neue-tips_go_ImplementInterface.html,go
neue-tips_go_InlineRefactoring.html,go
neue-tips_go_InspectExpression.html,go
neue-tips_go_JumpBetweenTestAndTestSubject.html,go
neue-tips_go_MethodLikeCompletionforFunctions.html,go
neue-tips_go_MoveToPackage.html,go
neue-tips_go_MozillaRR.html,go
neue-tips_go_NilnessAnalyzer.html,go
neue-tips_go_NonSuspendingBreakpoints.html,go
neue-tips_go_OptimizeImports.html,go
neue-tips_go_ParamInfo.html,go
neue-tips_go_PartialCompletion.html,go
neue-tips_go_Profilers.html,go
neue-tips_go_QuickDefinition.html,go
neue-tips_go_QuickFix.html,go
neue-tips_go_RREandRRVPostfixCompletion.html,go
neue-tips_go_ReformatCode.html,go
neue-tips_go_RenameRefactoring.html,go
neue-tips_go_RunToCursor.html,go
neue-tips_go_RunWithGutter.html,go
neue-tips_go_RunWithIntentionAction.html,go
neue-tips_go_RunWithSudo.html,go
neue-tips_go_ScratchFile.html,go
neue-tips_go_SeeInterfaceandImplementedTypes.html,go
neue-tips_go_SelectAllOccurrences.html,go
neue-tips_go_SemanticHighlighting.html,go
neue-tips_go_ShowDependencyDiagram.html,go
neue-tips_go_ShowImplementations.html,go
neue-tips_go_SmartStepInto.html,go
neue-tips_go_SortPostfixCompletion.html,go
neue-tips_go_VendoringMode.html,go
neue-tips_go_ViewIntAs.html,go
neue-tips_go_WindowsMinidumpsSupport.html,go
neue-AltInsertInEditor.html,phpstorm
neue-AnnotationsAndDiffs.html,phpstorm
neue-Antivirus.html,phpstorm
neue-BreakpointIntentions.html,phpstorm
neue-BreakpointSpeedmenu.html,phpstorm
neue-BuiltInServer.html,phpstorm
neue-CamelHumpsInCodeCompletion.html,phpstorm
neue-CamelPrefixesInNavigationPopups.html,phpstorm
neue-CancelByControlArrows.html,phpstorm
neue-ChangeSorting.html,phpstorm
neue-ChangesView.html,phpstorm
neue-CheckRegExp.html,phpstorm
neue-ClipboardStack.html,phpstorm
neue-CloseOthers.html,phpstorm
neue-Close_all_editor_tabs.html,phpstorm
neue-ClosingTag.html,phpstorm
neue-CodeCompletion.html,phpstorm
neue-CodeCompletionInSearch.html,phpstorm
neue-CodeCompletionMiddle.html,phpstorm
neue-CodeCompletionNoShift.html,phpstorm
neue-ColorEditingInCss.html,phpstorm
neue-ColorFiles.html,phpstorm
neue-ColumnSelection.html,phpstorm
neue-CommentCode.html,phpstorm
neue-CommitCtrlK.html,phpstorm
neue-Compare.html,phpstorm
neue-CompleteStatement.html,phpstorm
neue-ConfiguringTerminal.html,phpstorm
neue-CopyPasteReference.html,phpstorm
neue-CopyWithNoSelection.html,phpstorm
neue-CtrlD.html,phpstorm
neue-CtrlDotInLookups.html,phpstorm
neue-CtrlShiftI.html,phpstorm
neue-CtrlShiftIForLookup.html,phpstorm
neue-CtrlW.html,phpstorm
neue-DDDisable.html,phpstorm
neue-DeleteLine.html,phpstorm
neue-DiagramShow.html,phpstorm
neue-DiagramShowDiff.html,phpstorm
neue-DiagramShowPopup.html,phpstorm
neue-DiffChevron.html,phpstorm
neue-DirDiff.html,phpstorm
neue-DragToOpen.html,phpstorm
neue-EditRegExp.html,phpstorm
neue-EditorConfig.html,phpstorm
neue-Emmet.html,phpstorm
neue-EnterDirectoryInGotoFile.html,phpstorm
neue-Escape.html,phpstorm
neue-EvaluateExpressionInEditor.html,phpstorm
neue-ExcludeFromProject.html,phpstorm
neue-ExternalJavaDoc.html,phpstorm
neue-FavoritesToolWindow1.html,phpstorm
neue-FavoritesToolWindow2.html,phpstorm
neue-FileStructurePopup.html,phpstorm
neue-FileWatchersInspection.html,phpstorm
neue-FindInPath.html,phpstorm
neue-FindReplaceToggle.html,phpstorm
neue-FinishBySmartEnter.html,phpstorm
neue-FixDocComment.html,phpstorm
neue-GoToAction.html,phpstorm
neue-GoToClass.html,phpstorm
neue-GoToDeclaration.html,phpstorm
neue-GoToFile.html,phpstorm
neue-GoToImplementation.html,phpstorm
neue-GoToInspection.html,phpstorm
neue-GoToSymbol.html,phpstorm
neue-GotoLineInFile.html,phpstorm
neue-HierarchyBrowser.html,phpstorm
neue-HighlightImplements.html,phpstorm
neue-HighlightMethodExitPoint.html,phpstorm
neue-HighlightThrows.html,phpstorm
neue-HighlightUsagesInFile.html,phpstorm
neue-HippieCompletion.html,phpstorm
neue-HorizontalScrolling.html,phpstorm
neue-Html5Outline.html,phpstorm
neue-ImageFileCompletion.html,phpstorm
neue-ImagesLookup.html,phpstorm
neue-InlineVariable.html,phpstorm
neue-InsertLiveTemplate.html,phpstorm
neue-InspectCode.html,phpstorm
neue-IntroduceConstant.html,phpstorm
neue-IntroduceVariable.html,phpstorm
neue-IssueNavigation.html,phpstorm
neue-JoinLines.html,phpstorm
neue-JumpToLastEdit.html,phpstorm
neue-LayoutCode.html,phpstorm
neue-LensMode.html,phpstorm
neue-LineEndings.html,phpstorm
neue-LineEndingsFolder.html,phpstorm
neue-LiveTemplates.html,phpstorm
neue-LiveTemplatesRestore.html,phpstorm
neue-MenuItemsDescriptions.html,phpstorm
neue-MethodSeparators.html,phpstorm
neue-MethodUpDown.html,phpstorm
neue-MoveToChangelist.html,phpstorm
neue-MoveUpDown.html,phpstorm
neue-Multicursor.html,phpstorm
neue-Multicursor1.html,phpstorm
neue-Multiselection1.html,phpstorm
neue-Multiselection2.html,phpstorm
neue-MultiselectionInSearch.html,phpstorm
neue-MultiselectionInSearch1.html,phpstorm
neue-MultiselectionWords.html,phpstorm
neue-NamedBreakpoints.html,phpstorm
neue-NavBar.html,phpstorm
neue-NavigateToFilePath.html,phpstorm
neue-NextPrevError.html,phpstorm
neue-OverrideImplementMethods.html,phpstorm
neue-ParameterInfo.html,phpstorm
neue-PharDiff.html,phpstorm
neue-PostfixCompletion.html,phpstorm
neue-PreviewTODO.html,phpstorm
neue-PrintKeywords.html,phpstorm
neue-QuickDocInSuggestionList.html,phpstorm
neue-QuickDocOnMouseMove.html,phpstorm
neue-QuickEvaluateExpression.html,phpstorm
neue-QuickFixRightArrow.html,phpstorm
neue-QuickJavaDoc.html,phpstorm
neue-QuickJavaDocInLookups.html,phpstorm
neue-QuickSwitchScheme.html,phpstorm
neue-RecentChanges.html,phpstorm
neue-RecentFiles.html,phpstorm
neue-RecentSearch.html,phpstorm
neue-RefactorThis.html,phpstorm
neue-RemoteInterpreter.html,phpstorm
neue-RemoveBreakpoint.html,phpstorm
neue-RemoveToolWindowButton.html,phpstorm
neue-Rename.html,phpstorm
neue-RenameCssSelector.html,phpstorm
neue-Reopen.html,phpstorm
neue-RichTextCopy.html,phpstorm
neue-RunConfigFolders.html,phpstorm
neue-ScopesInTODO.html,phpstorm
neue-Scratch.html,phpstorm
neue-ScratchesView.html,phpstorm
neue-SearchEverywhere.html,phpstorm
neue-SearchInSettings.html,phpstorm
neue-SecondBasicClassNameCompletion.html,phpstorm
neue-SelectIn.html,phpstorm
neue-SelectRunDebugConfiguration.html,phpstorm
neue-SelectTasks.html,phpstorm
neue-SelectionInLoGView.html,phpstorm
neue-ShowAppliedStyles.html,phpstorm
neue-ShowHideSideBars.html,phpstorm
neue-ShowUsages.html,phpstorm
neue-SmartTypeAfterNew.html,phpstorm
neue-SmartTypeCompletion.html,phpstorm
neue-SpecialCharacters.html,phpstorm
neue-SpeedSearch.html,phpstorm
neue-SpeedSearchinLiveTemplates.html,phpstorm
neue-Spellchecker.html,phpstorm
neue-SpellcheckerDictionaries.html,phpstorm
neue-SurroundWith.html,phpstorm
neue-Switcher.html,phpstorm
neue-TabInEditorClose.html,phpstorm
neue-TabInLookups.html,phpstorm
neue-TagNameCompletion.html,phpstorm
neue-Terminal.html,phpstorm
neue-TerminalOpen.html,phpstorm
neue-ToolWindowsQuickAccess.html,phpstorm
neue-VariableNameCompletion.html,phpstorm
neue-VcsQuickList.html,phpstorm
neue-ViewInBrowser.html,phpstorm
neue-ViewInBrowserURL.html,phpstorm
neue-Welcome.html,phpstorm
neue-WideScreen.html,phpstorm
neue-WildcardsInNavigationPopups.html,phpstorm
neue-YouTrack_integration.html,phpstorm
neue-find_action.html,phpstorm
neue-find_usages.html,phpstorm
neue-jump_to_colors_fonts.html,phpstorm
neue-local_history.html,phpstorm
neue-partial_git_commit.html,phpstorm
neue-pull_requests.html,phpstorm
neue-recent locations.html,phpstorm
neue-run_anything.html,phpstorm
neue-smart_selection.html,phpstorm
neue-structural_search.html,phpstorm
neue-CamelHumpsInCodeCompletion.html,rubymine
neue-CamelPrefixesInNavigationPopups.html,rubymine
neue-CancelByControlArrows.html,rubymine
neue-ChangeSorting.html,rubymine
neue-CheckRegExp.html,rubymine
neue-Close_all_editor_tabs.html,rubymine
neue-CodeCompletion.html,rubymine
neue-CodeCompletionInSearch.html,rubymine
neue-CommentCode.html,rubymine
neue-CtrlDotInLookups.html,rubymine
neue-CtrlShiftI.html,rubymine
neue-CtrlShiftIForLookup.html,rubymine
neue-CtrlW.html,rubymine
neue-EditRegExp.html,rubymine
neue-EditorConfig.html,rubymine
neue-ExtractField.html,rubymine
neue-ExtractMethod.html,rubymine
neue-ExtractParameter.html,rubymine
neue-FileStructurePopup.html,rubymine
neue-GoToClass.html,rubymine
neue-GoToDeclaration.html,rubymine
neue-GoToFile.html,rubymine
neue-GoToInspection.html,rubymine
neue-GoToSymbol.html,rubymine
neue-HorizontalScrolling.html,rubymine
neue-InlineMethod.html,rubymine
neue-InlineVariable.html,rubymine
neue-IntroduceConstant.html,rubymine
neue-IntroduceVariable.html,rubymine
neue-QuickJavaDoc.html,rubymine
neue-QuickJavaDocInLookups.html,rubymine
neue-QuickSwitchScheme.html,rubymine
neue-RRailsGeneratorsPopup.html,rubymine
neue-RRakePopup.html,rubymine
neue-RecentChanges.html,rubymine
neue-RecentFiles.html,rubymine
neue-RecentSearch.html,rubymine
neue-Rename.html,rubymine
neue-SearchEverywhere.html,rubymine
neue-SelectIn.html,rubymine
neue-SelectionInLoGView.html,rubymine
neue-ShowUsages.html,rubymine
neue-SpeedSearch.html,rubymine
neue-SurroundWith.html,rubymine
neue-SurroundWith2.html,rubymine
neue-TabInLookups.html,rubymine
neue-TagNameCompletion.html,rubymine
neue-WildcardsInNavigationPopups.html,rubymine
neue-debug_predefined_rails_config.html,rubymine
neue-debug_predefined_rails_config2.html,rubymine
neue-find_action.html,rubymine
neue-find_usages.html,rubymine
neue-jump_to_colors_fonts.html,rubymine
neue-local_history.html,rubymine
neue-partial_git_commit.html,rubymine
neue-pull_requests.html,rubymine
neue-rails_console.html,rubymine
neue-rails_console2.html,rubymine
neue-rails_create_view.html,rubymine
neue-rails_create_view2.html,rubymine
neue-rails_generators.html,rubymine
neue-rails_gutter_navigation.html,rubymine
neue-rails_gutter_navigation2.html,rubymine
neue-rails_i18nize.html,rubymine
neue-rails_i18nize2.html,rubymine
neue-rails_model_diagram.html,rubymine
neue-rails_model_diagram2.html,rubymine
neue-rails_navigation.html,rubymine
neue-rails_navigation2.html,rubymine
neue-rails_project_view.html,rubymine
neue-rails_project_view2.html,rubymine
neue-rails_reload_generators.html,rubymine
neue-rails_reload_generators2.html,rubymine
neue-rails_reload_rake_tasks.html,rubymine
neue-rake_tasks.html,rubymine
neue-recent locations.html,rubymine
neue-rubocop_manual_check.html,rubymine
neue-rubocop_manual_check2.html,rubymine
neue-ruby_attach_process.html,rubymine
neue-ruby_attach_process2.html,rubymine
neue-ruby_configure_sdk.html,rubymine
neue-ruby_configure_sdk2.html,rubymine
neue-ruby_create_class.html,rubymine
neue-ruby_cucumber_completion.html,rubymine
neue-ruby_cucumber_completion2.html,rubymine
neue-ruby_cucumber_example.html,rubymine
neue-ruby_cucumber_example2.html,rubymine
neue-ruby_docker_compose.html,rubymine
neue-ruby_docker_compose2.html,rubymine
neue-ruby_generate_attributes.html,rubymine
neue-ruby_generate_attributes2.html,rubymine
neue-ruby_move_refactoring.html,rubymine
neue-ruby_move_refactoring2.html,rubymine
neue-ruby_run_bundler.html,rubymine
neue-ruby_run_bundler2.html,rubymine
neue-ruby_wsl_remote.html,rubymine
neue-ruby_wsl_remote2.html,rubymine
neue-run_anything.html,rubymine
neue-run_predefined_rails_config.html,rubymine
neue-run_predefined_rails_config2.html,rubymine
neue-smart_selection.html,rubymine
neue-758c8052.html,webstorm
neue-79b5da84.html,webstorm
neue-BuiltInServer.html,webstorm
neue-Close_all_editor_tabs.html,webstorm
neue-ClosingTag.html,webstorm
neue-CompletionImportStatic.html,webstorm
neue-ConfiguringTerminal.html,webstorm
neue-EditorConfig.html,webstorm
neue-Emmet.html,webstorm
neue-FinishByExclamation.html,webstorm
neue-Html5Outline.html,webstorm
neue-ImagesLookup.html,webstorm
neue-LiveEdit.html,webstorm
neue-RenameCssSelector.html,webstorm
neue-SearchEverywhere.html,webstorm
neue-SecondSmartCompletionArrayMember.html,webstorm
neue-SecondSmartCompletionAsList.html,webstorm
neue-SelectionInLoGView.html,webstorm
neue-ShowAppliedStyles.html,webstorm
neue-Terminal.html,webstorm
neue-ViewInBrowser.html,webstorm
neue-YouTrack_integration.html,webstorm
neue-d5c9bc99.html,webstorm
neue-find_action.html,webstorm
neue-find_usages.html,webstorm
neue-jump_to_colors_fonts.html,webstorm
neue-local_history.html,webstorm
neue-partial_git_commit.html,webstorm
neue-pull_requests.html,webstorm
neue-recent locations.html,webstorm
neue-run_anything.html,webstorm
neue-smart_selection.html,webstorm
neue-structural_search.html,webstorm
neue-ws_complete_class_names_in_selectors.html,webstorm
neue-ws_create_reference_to_js_css_or_image_in_html.html,webstorm